{"accuracy": [0.9962452054023743, 0.9999872446060181, 0.999993622303009, 1.0, 1.0, 1.0, 1.0, 1.0, 1.0, 1.0, 1.0, 1.0, 1.0, 1.0, 1.0, 1.0, 1.0, 1.0, 0.9999872446060181, 1.0, 1.0, 1.0, 0.9999808669090271], "loss": [0.03612124174833298, 8.252268889918923e-05, 7.073952292557806e-05, 9.160759509541094e-05, 6.627634138567373e-05, 1.018769671645714e-05, 7.893437214079313e-06, 5.412804057414178e-06, 3.5067398584942566e-06, 3.4183617572125513e-06, 1.9883752884197747e-06, 1.7897518773679622e-06, 1.6046012660808628e-06, 1.4851485730105196e-06, 9.094809684029315e-06, 7.434332928824006e-06, 1.3722084304390592e-06, 2.5295762497989926e-06, 0.00023358024191111326, 5.738944764743792e-06, 1.3113036629874841e-06, 1.3113036629874841e-06, 0.00024284156097564846], "val_accuracy": [1.0, 1.0, 1.0, 1.0, 1.0, 1.0, 1.0, 1.0, 1.0, 1.0, 1.0, 1.0, 1.0, 1.0, 1.0, 1.0, 1.0, 1.0, 1.0, 1.0, 1.0, 1.0, 1.0], "val_loss": [3.621544237830676e-06, 3.326232672407059e-06, 3.3388726023986237e-06, 3.139784439554205e-06, 2.590154963399982e-06, 2.5065492081921548e-06, 2.5029771677509416e-06, 2.4674811811564723e-06, 1.7983289808398695e-06, 1.6778874396550236e-06, 1.555746507619915e-06, 1.4663952470073127e-06, 1.3886534588891664e-06, 1.3367368865147e-06, 1.3618431466966285e-06, 1.3327411352292984e-06, 1.316680481977528e-06, 1.3114283774484647e-06, 1.311302071371756e-06, 1.311302071371756e-06, 1.311302071371756e-06, 1.311302071371756e-06, 1.311302071371756e-06]}